{
  "schema_mtime": 1779096675.836934,
  "table_desc_mtime": 1779177905.8047903
}